girls,girl,,,,,,
girl's,girl,,,,,,
girls',girl,,,,,,
girls,girl,,,,,,
girlz,girl,,,,,,
boy's,boy,,,,,,
boys',boy,,,,,,
boys,boy,,,,,,
men's,man,,,,,,
mens',man,,,,,,
mens,mam,,,,,,
men,man,,,,,,
women's,woman,,,,,,
womens',woman,,,,,,
womens,woman,,,,,,
women,woman,,,,,,
kid's,kid,,,,,,
kids',kid,,,,,,
kids,kid,,,,,,
children's,kid,,,,,,
childrens',kid,,,,,,
childrens,kid,,,,,,
children,kid,,,,,,
child,kid,,,,,,
bras,bra,,,,,,
bicycles,bike,,,,,,
bicycle,bike,,,,,,
bikes,bike,,,,,,
refrigerator,fridge,,,,,,
refrigirator,fridge,,,,,,
freezer,fridge,,,,,,
memories,memory,,,,,,
fragance,perfume,,,,,nutri system ,", nutrisystem"
fragrance,perfume,,,,,"soda stream , sodastream",
cologne,perfume,,,,,"playstation's , ps",
anime,animal,,,,,"playstations , ps",
assassinss,assassin,,,,,"playstation , ps",
assassin's,assassin,,,,,"(ps 2) , ps2",
assassins,assassin,,,,,"(ps 3) , ps3",
bedspreads,bedspread,,,,,"(ps 4) , ps4",
shoppe,shop,,,,,"ps 2 , ps2",
extenal,external,,,,,"ps 3 , ps3",
knives,knife,,,,,"ps 4 , ps4",
kitty's,kitty,,,,,"coffeemaker , coffee maker",
levi's,levi,,,,,"k-cups , k cup",
squared,square,,,,,"k-cup , k cup",
rachel,rachael,,,,,"4-ounce , 4 ounce",
rechargable,rechargeable,,,,,"8-ounce , 8 ounce",
batteries,battery,,,,,"12-ounce , 12 ounce",
seiko's,seiko,,,,,,
ounce,oz,,,,,,
